{"test_object":{"minimalPos":{"x":-14.291657447814941,"y":12.327535390853882,"z":0.5},"minimalQuat":{"_x":0,"_y":0,"_z":0,"_w":1},"flatPos":{"x":-14.291657447814941,"y":12.327535390853882,"z":0.5},"flatQuat":{"_x":0.20171324361229023,"_y":0.11156864693383198,"_z":-0.6278902778097497,"_w":0.7433828108079715},"boundingBox":{"min":{"x":-18.813708305358887,"y":8.994535207748413,"z":-0.75},"max":{"x":-10.226606607437134,"y":16.11753559112549,"z":1.75}},"surfaceIndex":191}}